{
  "name": "Falcon9",
  "block_number": 2,
  "payload_mass": 22200,
  "payload_structure": 2000,
  "block_mass": [
    442000,
    117000
  ],
  "components_ratio": 2.56,
  "thrust_ratio": 0.4,
  "diameters": [
    3.66,
    3.66,
    3.66
  ],
  "maximum_diameter": 3.66,
  "head_length": 13.1,
  "block_length": [
    44.6,
    16.0
  ],
  "exhaust_velocity": [
    3100,
    3480
  ],
  "thrust": [
    7607000,
    934000
  ],
  "structural_values": [
    18,
    25
  ],
  "rocket_sections": [
    13.1,
    1.0,
    2.0,
    4.0,
    8.0,
    2.0,
    1.0,
    20.0,
    4.0,
    16.0,
    1.7,
    0.9
  ],
  "sector_index": {
    "payload": [
      0,
      13.1
    ],
    "ox": [
      [
        31.1,
        51.1
      ],
      [
        20.1,
        28.1
      ]
    ],
    "fu": [
      [
        54.1,
        69.1
      ],
      [
        28.1,
        30.1
      ]
    ]
  },
  "integration_step": 1,
  "fuel": "RP-1",
  "oxidizer": "LOX",
  "attack_coefs": [
    0.7936738379616926,
    0.11953919670201826
  ]
}